{
  "ae_min": 0.00015787592565175146,
  "ae_max": 455520.84375,
  "if_min": -0.1977745488603035,
  "if_max": 0.23496863035296922,
  "ae_threshold": 1.6283811632433753e-08,
  "if_threshold": 0.4998033301770012,
  "combined_threshold": 0.36679883988686984,
  "fusion_weights": {
    "ae": 0.6,
    "if": 0.4
  }
}